<?xml version="1.0" encoding="UTF-8"?>
<LightningComponentBundle xmlns="http://soap.sforce.com/2006/04/metadata">
    <apiVersion>62.0</apiVersion>
    <isExposed>true</isExposed>
    <targets>
        <target>lightning__FlowScreen</target>
    </targets>
    <targetConfigs>
        <targetConfig targets="lightning__FlowScreen">      
            <property name="userId" type="String" label="userId"/>
            <property name="dateString" type="String" label="dateString"/>
            <property name="contactId" type="String" label="contactId"/>
            <property name="centerId" type="String" label="centerId"/>
            <property name="serviceId" type="String" label="serviceId"/>
            <property name="bookingId" type="String" label="bookingId"/>
        </targetConfig>
    </targetConfigs>
</LightningComponentBundle>