<?xml version="1.0" encoding="UTF-8"?>
<LightningComponentBundle xmlns="http://soap.sforce.com/2006/04/metadata">
    <apiVersion>62.0</apiVersion>
    <isExposed>true</isExposed>
      <targets>
        <target>lightning__FlowScreen</target>
    </targets>
    <targetConfigs>
        <targetConfig targets="lightning__FlowScreen">               
            <property name="inProgressReservationId" type="String" label="inProgressReservationId"/>            
        </targetConfig>
    </targetConfigs>
</LightningComponentBundle>