[{"_allAttributes":null,"_properties":null,"_methods":null,"file":"c:/S4G CONSULTING/PROYECTOS/AIRE BATHS/AIRE BATHS/force-app/main/default/lwc/customContactSearch/customContactSearch.js","metadata":{"decorators":[],"classMembers":[{"name":"displayInfo","type":"property","value":{"type":"object","value":{"primaryField":{"type":"string","value":"Name"}}},"loc":{"start":{"line":5,"column":4},"end":{"line":8,"column":6}}},{"name":"filter","type":"property","value":{"type":"object","value":{"filterLogic":{"type":"string","value":"1"}}},"loc":{"start":{"line":10,"column":4},"end":{"line":19,"column":6}}}],"declarationLoc":{"start":{"line":3,"column":0},"end":{"line":20,"column":1}},"doc":"","exports":[{"type":"ExportDefaultDeclaration"}]},"updatedAt":"2025-02-04T21:33:07.041Z"},{"_allAttributes":null,"_properties":null,"_methods":null,"file":"c:/S4G CONSULTING/PROYECTOS/AIRE BATHS/AIRE BATHS/force-app/main/default/lwc/showAvailablesHoraries/showAvailablesHoraries.js","metadata":{"decorators":[{"type":"api","targets":[{"name":"userId","type":"property","value":{"type":"unresolved"}},{"name":"dateString","type":"property","value":{"type":"unresolved"}},{"name":"contactId","type":"property","value":{"type":"unresolved"}}]},{"type":"wire","targets":[{"type":"method","name":"eventObj","static":{},"params":{"userId":"userId","dateString":"dateString","contactId":"contactId"},"adapter":{"name":"getFreeAvailableReservations","reference":"@salesforce/apex/AAB_HoraryMananger.getFreeAvailableReservations"}}]}],"classMembers":[{"name":"userId","type":"property","value":{"type":"unresolved"},"decorator":"api","loc":{"start":{"line":9,"column":4},"end":{"line":9,"column":16}}},{"name":"dateString","type":"property","value":{"type":"unresolved"},"decorator":"api","loc":{"start":{"line":10,"column":4},"end":{"line":10,"column":20}}},{"name":"contactId","type":"property","value":{"type":"unresolved"},"decorator":"api","loc":{"start":{"line":11,"column":4},"end":{"line":11,"column":19}}},{"name":"availableReservations","type":"property","loc":{"start":{"line":12,"column":4},"end":{"line":12,"column":29}}},{"name":"eventObj","type":"method","decorator":"wire","loc":{"start":{"line":14,"column":4},"end":{"line":32,"column":4}}},{"name":"handleNext","type":"method","loc":{"start":{"line":33,"column":4},"end":{"line":38,"column":5}}}],"declarationLoc":{"start":{"line":7,"column":0},"end":{"line":39,"column":1}},"doc":"","exports":[{"type":"ExportDefaultDeclaration"}]},"updatedAt":"2025-02-04T23:37:37.811Z"}]